id,label,source,true_depth,true_duration,flux_0,flux_1,flux_2,flux_3,flux_4,flux_5,flux_6,flux_7,flux_8,flux_9,flux_10,flux_11,flux_12,flux_13,flux_14,flux_15,flux_16,flux_17,flux_18,flux_19,flux_20,flux_21,flux_22,flux_23,flux_24,flux_25,flux_26,flux_27,flux_28,flux_29,flux_30,flux_31,flux_32,flux_33,flux_34,flux_35,flux_36,flux_37,flux_38,flux_39,flux_40,flux_41,flux_42,flux_43,flux_44,flux_45,flux_46,flux_47,flux_48,flux_49,flux_50,flux_51,flux_52,flux_53,flux_54,flux_55,flux_56,flux_57,flux_58,flux_59,flux_60,flux_61,flux_62,flux_63,flux_64,flux_65,flux_66,flux_67,flux_68,flux_69,flux_70,flux_71,flux_72,flux_73,flux_74,flux_75,flux_76,flux_77,flux_78,flux_79,flux_80,flux_81,flux_82,flux_83,flux_84,flux_85,flux_86,flux_87,flux_88,flux_89,flux_90,flux_91,flux_92,flux_93,flux_94,flux_95,flux_96,flux_97,flux_98,flux_99,flux_100,flux_101,flux_102,flux_103,flux_104,flux_105,flux_106,flux_107,flux_108,flux_109,flux_110,flux_111,flux_112,flux_113,flux_114,flux_115,flux_116,flux_117,flux_118,flux_119,flux_120,flux_121,flux_122,flux_123,flux_124,flux_125,flux_126,flux_127,flux_128,flux_129,flux_130,flux_131,flux_132,flux_133,flux_134,flux_135,flux_136,flux_137,flux_138,flux_139,flux_140,flux_141,flux_142,flux_143,flux_144,flux_145,flux_146,flux_147,flux_148,flux_149,flux_150,flux_151,flux_152,flux_153,flux_154,flux_155,flux_156,flux_157,flux_158,flux_159,flux_160,flux_161,flux_162,flux_163,flux_164,flux_165,flux_166,flux_167,flux_168,flux_169,flux_170,flux_171,flux_172,flux_173,flux_174,flux_175,flux_176,flux_177,flux_178,flux_179,flux_180,flux_181,flux_182,flux_183,flux_184,flux_185,flux_186,flux_187,flux_188,flux_189,flux_190,flux_191,flux_192,flux_193,flux_194,flux_195,flux_196,flux_197,flux_198,flux_199
3,1,transit,0.0205474443343811,9.006877132373763,0.999815450178933,1.002565507688571,0.9991216702000608,0.9972042483616164,1.0032829870417026,1.0047857837960703,1.000515119519824,0.9983506390411226,1.0008636828392254,1.0009981669118655,1.0012353827062828,0.999956679138657,1.0025517203741725,1.0025508689735834,0.9996339302536246,1.002955956133832,1.0050272109213505,1.0022987262957008,1.0015973118529304,1.001934367623222,1.0030982787598186,0.9996560941618012,1.0024940228526864,1.001694020463908,1.0050278350450668,1.0020400899229949,1.0047735105610258,1.0006614869171733,1.003157894122192,1.0027441624808362,1.000959371976242,1.0024809698031971,1.0039794707915537,1.0016601107483338,0.9995838905392048,1.002011729459688,1.0006401628610817,1.001404808615951,1.001720312165309,0.9992366988834,0.9992888157318568,1.0023122069318025,1.0007321831477562,0.9976103622384364,1.0024765335813135,1.0016142128142822,1.0000461731698096,0.9990431399525158,1.0021219015467069,1.0012862058725718,1.0041832979072192,1.0011557420053958,1.0009874097828435,1.0000439235108756,1.0013798881517335,1.000973078587394,1.001779151471912,0.9990283737926908,0.9990337120994705,0.99884784100024,1.0006103845236891,1.0015409804637805,0.998523486428182,0.9984599459274672,0.9994437027202964,0.9985053159508934,1.000175526335629,0.9953246760351088,0.9973390783068607,0.997310826838988,0.9949415864183684,0.9968677195358964,0.996859501834884,0.9978429403673372,0.9997210835907512,0.9976438576569852,0.996420590351812,0.9978114459307372,0.9994043563080756,0.9963619100765762,0.9964244860331398,0.9985741701760944,0.997396259956586,0.9986693062131324,0.997680723439306,0.9987389936089612,0.9961691286556192,0.9976965714065792,0.9974197412068018,0.9877347715162904,0.987249953549846,0.978292241334358,0.9767984482815584,0.9758523266596452,0.9772800186413748,0.9791553610289996,0.9741688621932124,0.9754028712312494,0.9763302968192348,0.9799461530859712,0.9906142955726543,0.9914240365722252,0.9969110296591722,0.9970410646041048,0.9994675166264498,0.9989966700384022,0.999833360255972,0.998854240081982,0.9996596532488052,0.999598817409604,1.0006362119504235,1.0007999142892283,0.9973240258816468,0.9965163028198144,1.0014550347498494,1.0018535023992927,0.9987025826472914,0.9975805253188864,1.0006051175794548,1.0019577485325288,1.003360544455862,1.001577289618326,1.0003746871889534,0.9997128620235016,1.001161844486234,1.0008061252258091,0.9998463845723492,1.0044853541851952,1.0041879631648765,1.003314705091808,1.000350045590904,1.0030618324837224,1.0028168519349885,1.00259369398398,1.003853548819683,1.0030007370241705,1.0032077459022646,1.0031007935352412,1.0027016045376238,0.9995860818185718,1.002381026883394,1.0014533401987191,1.000394896681169,1.0047926725725709,1.0048637546530397,1.0043102326499176,1.0026618179057185,1.0042671088371824,1.002258044781506,1.0025095133712336,1.000550486092581,1.0027160597495657,1.0021673035837797,1.0000911448103278,1.001884702494361,1.001775345932348,1.0044856073788957,1.0030689300643472,1.0016777937527157,1.0019422716084132,1.001547213412704,1.0010848616941224,0.9996811742661948,1.0009581138094938,0.9999690656647282,0.9991115926050786,1.0016099098738442,1.0013168528869891,0.9979710926877622,1.0003185745870278,1.0018558314882469,1.0018283774473062,1.001656538880592,1.0000708814593462,0.9986378120753536,0.9981615932462058,1.000156973298275,1.000087579087267,1.001314145522165,1.0009186836283228,0.9989764528257892,0.997214797677841,0.9984753895073109,0.9991627130670008,0.9984367703622564,0.9977789117662486,0.9989134721636994,0.9976988557281772,0.9974265696892962,0.9987355802325888,0.9975993097444852,0.9984834345193164,0.9984583304948774,0.996301683155951,0.9972203448021492,1.0000138248360275,0.996114986754358,0.9946611147764162,0.9950061871972458,0.9977828875204868
7,1,transit,0.0255553386523451,7.53728610766994,1.0017738710453088,0.9991701638036492,1.000379649685289,0.997298720581238,0.9971405216225648,0.999687907312658,1.0007694271851728,0.9990878328591248,0.996700664666416,0.9966624391623964,0.9966397070553454,0.9961066550164316,0.9997285131852882,1.0017383053245328,0.9997151515683282,0.9956167046414,0.999602991620398,0.9997656944438864,1.0041061174158543,0.9975613334299844,0.9996672978770268,1.0037011729253946,1.0014550832719933,1.001771397313241,1.0010328891190954,1.0015355977638,1.0024705763020352,0.9995917385150084,1.0028423083491456,0.998712960527752,1.001981858288857,1.0017800199134974,1.0003650507971429,1.0015461151314973,1.000487207075982,0.999705481233458,1.0011045702212298,0.99974812464273,1.0024635546079983,0.999742785475542,1.0032619587050662,0.9997418761982312,1.000914045883719,1.0008188723806528,1.0044783523364582,1.0026170536970551,1.0015977345107443,1.0029179898129998,0.9980212722113774,1.0018645306398333,1.0056580154169257,1.0021308019493231,1.001970284823133,1.0028241738919097,1.003423989928874,0.9979495458179064,0.9984783251274064,1.0019564569789352,1.0001526453529253,1.0038729570429925,1.0007455110855856,0.997628682740593,0.9987890482346908,0.9959227328266348,1.000539173597607,1.0005271482912164,0.9999846452361796,1.0026973719897,1.0028166250459072,1.0001463631563263,0.9963596163525974,1.0014044830869748,1.0011786953893804,1.0006077993423017,1.0017561640080273,0.9976264547032868,1.0034604830844864,0.9977930609032276,1.0008857157434878,0.996216730626336,0.9975307554247982,1.0020112050793208,0.9985836096718234,1.0005489631286475,0.999326561468311,0.9985964693076328,1.0012611965430074,0.9981816123437468,0.9952119021355432,0.9969690593324204,0.9994367955302708,0.999081235416672,0.9953467793094516,0.996871326647142,0.997090130402304,0.9974523789481342,0.9955229367950308,0.9968916633921584,0.986456406362027,0.9892464649444708,0.9739702534205212,0.972174507500294,0.9717121145378887,0.9727132219027768,0.9709327941601164,0.9703312431819688,0.9707411355299004,0.9866751807544886,0.985719802810308,0.998464843162727,0.9995739912470132,0.9952865351982888,0.9983627382621248,0.9979657186655696,0.9990840831790464,0.9984918961098218,0.9958699598252684,0.9963084996851596,0.998812306571746,1.0007721874834814,0.9947905121852324,0.9996797792443136,1.0013582170404811,0.9989443228232726,1.000364312848315,0.9981221780549908,0.9993220599436384,0.9966180467654504,0.9953723563333966,1.0016383710556227,0.9981383067223004,0.9992402180516504,0.997606826005071,0.9976721785938164,1.0000956822136682,0.9991620647733924,1.0013418605954043,1.0015851460048553,1.0014399042162694,1.0013846967589144,1.0039886751538516,0.9991272310243228,1.001113135594172,1.0034230116448195,1.0037516534035698,0.998798209060369,1.0009489634217374,1.0041458174162932,1.002617332118645,1.0020898922389911,1.0013696693321263,1.001106297876909,1.00240703453337,1.001431084218393,1.0018546677348743,1.002106390077215,1.0007080980427343,1.0029873554936837,1.007455319503338,0.9986701521535084,1.0025994602027417,1.0005574129631698,1.003044892789733,1.0020271565301282,1.0033372968060168,1.0040766888594714,1.002194540106913,1.0039076861620078,0.9973450841688134,1.0046567845346592,1.0023181290886294,1.0035669218727057,0.9991916246483046,0.9998437439457708,1.0015920654450017,1.0012019537165509,1.0016753476091846,1.0030841662779018,0.9976518003622192,1.0026832357671345,1.0007740789119814,1.000273723394609,0.9977950495370226,1.0013854113408434,0.9958139020555852,1.0014401429855857,0.9973214554594309,1.0001057160871296,0.999672113148286,1.0019756316146564,0.9993413879050002,0.99826764033485,0.998511832996475,1.00173909085363,1.0002561874100808,0.9984284554637258,0.9986093000920876,0.9960214338205204,0.9995915213632658,0.9954791642124028
11,1,transit,0.0115682399103708,9.902208201536364,1.0000388723171545,1.001919434829576,1.0003704085866996,1.0006256746189637,1.000386406666791,1.0009163885752297,1.0036728248809403,1.001273417515583,0.996651232878064,1.0002111843051007,1.0013928762383264,1.0014447019557906,0.998478400078396,1.001269545468777,1.0007959580040324,1.0036879341691245,0.9977077323030948,0.9981007519751078,0.9984233427150392,0.9980608749203876,0.9973166545928188,0.9939445583927684,0.998081750845492,0.9994999979112992,0.9979443602177132,1.0022732484458088,0.9988327649641278,1.001113334142568,0.9992755005133184,1.0002908825181682,0.9993231908908116,1.0012839063566132,0.9989561439104164,0.9997645094787744,0.999558326843594,0.9984181589806496,0.999689972545214,1.0029953108266776,0.998559974987329,0.9998359317935612,1.0013802627466009,1.001219720475378,0.9992555583368066,0.9950309821150848,1.0002700052718232,0.9954406896102196,1.0020942955397294,0.9998340888762932,1.001382439638299,0.998050811322989,0.9969562508923394,1.0002645434875266,0.9998077463580416,0.99905912692693,1.0001584655588442,1.0050216876587568,1.0016375936688224,1.0020907182068493,1.0017917163443928,1.0029945507513562,1.0000776299276308,0.9968105868252832,1.0002079981205425,1.0020564843611297,0.9989324242519676,1.0004069025717055,0.9995403484593692,1.0035117909910591,1.0022159840157867,1.0020868777813114,1.0020760699258715,1.0009382524577284,1.0013937303187173,0.9989555016808483,0.9971952125128256,1.0013949138108702,1.0017267172847604,1.0033256189994324,1.003985701483171,1.0039924317154652,0.999409085562082,1.0005638639469006,1.002048393554262,1.0057068387664372,1.003816292015562,1.0031565590758922,1.0004443934637643,0.9995361152207428,1.0024968265100476,0.999090006851604,1.0005963240686329,0.9961522148274372,0.99916229121086,0.9886971049964208,0.984925102193192,0.9901343784541636,0.9879309919124922,0.9892004761364956,0.9889113545493756,0.98851703036602,0.9903560363344392,0.9861411363775991,0.9878907439553484,0.9969108928152036,0.9945236274391268,0.9973049082524292,1.0013046587827312,1.0020471126195123,0.9998902033859898,0.9963973373125184,1.0010928662253538,0.9967968683342924,1.0002464097295023,0.998042037171348,0.9974896910111736,0.9987082665401986,0.9991078793193712,0.9982238207938684,1.0003683312459644,0.9984634084059024,1.0009582562929022,0.999658489652263,0.99786183716565,0.9975161228884144,0.9960780304539226,0.9995028517727832,0.9983150081741264,0.994678837017642,0.9979326467394511,0.997256202498794,1.0016616251004933,0.9957879799157376,0.9962432096954984,1.00079393910886,1.0012311383056458,0.9974761807082072,0.9976823097698154,0.9999212209289252,0.9946747501156148,0.9955237212611434,0.9983680568118564,1.001663241256141,0.9981435561705386,0.9991342466032304,1.001015075950975,1.0027925953022203,0.9980396214952736,0.9990855762780622,1.0024195918627845,0.9964955081231952,1.0011052490362091,0.99750618874286,0.999567495343027,0.9990117569799656,0.9977962842458328,0.997815890158934,1.0001322245630753,1.0014842556768178,0.9995418216309068,0.9999678230741624,1.000932551865659,0.9982457362479172,1.0013732376525144,1.0015852006437067,1.0048424924903576,0.9995870540275044,0.9995082743594812,1.001767270460587,1.001922082801295,0.9995661460418498,0.9998637314286132,1.0016108134008734,0.999222933783261,1.0000233593862162,1.0009696300648,1.0026389390428794,0.999826144050146,0.997658390017948,0.9975663904866742,0.9987778191049264,0.9987154608709874,1.000815559151594,0.9989938974586448,0.9998849650411584,0.9997760953292696,1.0003867257809,1.0035473717880767,1.0023736626488136,1.0012222099749155,1.000368028137793,1.000411981573503,1.001761889703486,1.0022062564646412,0.9995230387872562,1.0011882070490656,0.9974674991335154,1.001446466584341,1.0023969996654805,1.0004983227019184,1.004204485841209
1,0,eclipsing_binary,0.1163688679207175,4.324466436883609,0.9960824226270124,0.9962725115023364,0.9979530958785036,0.9973769410578712,0.9984048288425476,0.9965497468378846,0.9959029614704704,0.9965439562981104,0.9971862007741136,0.9971649835553078,0.9956436606678724,0.997204631170137,0.9974643861627068,1.0004471362313991,0.9997393402987024,0.996401431982232,0.9972301283274848,0.995866753847112,0.9970953020903964,0.9983719974662248,0.9996338331240776,0.9973350024244824,0.9975775278890184,0.9958452219443262,0.9985061179615068,0.9975300468128852,0.9983652549143122,0.9980918836228312,0.9992468688572826,0.9973163331303424,0.997853402124444,1.0025633200070043,0.9984224011732348,0.9988341937254702,1.0027074637726694,1.0042251604200316,0.999248048479197,1.0004280572744657,1.0014876561069532,1.0033993101532148,1.0001296339262606,1.0012195857728348,1.0026601520095844,1.002373208386807,1.0014902773264267,1.0019314256949108,1.0004947325650742,1.0020531328989926,1.0021349607508796,1.0028750318925104,1.0019850548750868,1.003377836782656,1.0041501886874826,1.0031498440194768,1.003471389464873,1.0031601894475448,1.003150612340831,1.002288802992105,1.0036393829230408,1.0031489249649943,1.005936571670793,1.0052947434887258,1.0038013658976326,1.002347856070433,1.001894623624252,1.0047808548054038,1.0035792369939975,1.003815058568969,1.000960063849068,1.004276889735482,1.003616008727142,1.001568979332634,1.0022954088980471,1.0031357026051326,1.0027739246065808,1.0022365613719422,1.002365349586106,1.0020619188026123,1.0024501155345125,1.0039863455443685,0.9987556331194262,1.0015566893828474,1.0019340120544755,1.0019358505759672,1.000939737568299,0.999035050619397,1.0015059584444357,1.0031089419040924,0.9988272705936608,1.0016857468740747,1.000011583558799,1.0001784073024207,0.9987558280642834,0.9994912608356036,1.0013830965827024,0.9914553198163506,0.9389182256388768,0.8844728642458616,0.9371942249561034,0.9924967926826698,0.9993000555361908,0.9996341515422844,0.9980617370770754,0.9983711201557188,0.9972625666098685,0.9992523918893974,0.9963822286740474,0.9987284545037044,0.9973781041260148,0.998981029180048,0.9983411880514116,0.9995890592786472,0.9981184421294014,0.9951244418832368,0.996944179506267,0.9954775566291324,0.9962388501910076,0.9987448398223276,0.9975951019500078,0.9958698709230694,0.9954427929690374,0.9967425735627476,0.995153550804072,0.9958385718060092,0.9970849141262402,0.9981635941225786,0.9974969216130908,0.9938686005946292,0.9971851525355454,0.9969410025962576,0.9974299628267046,0.9990131889588288,0.9944431477337884,0.9963828886310694,0.9979641293375144,0.995319022685916,0.9992820094278748,0.9979950092505556,0.9987160961514095,0.9970508065924896,0.9989282158459252,0.9993850431323862,0.998471030360097,0.9986184257524688,0.9988137443747226,0.9975369349809284,0.9985980842765998,0.998752735815276,0.9995928967818074,1.0005370563315596,0.998107257746404,0.9994550541787796,1.0016532099734614,0.9990161382941138,0.999088169814566,1.000552253363082,1.0015328131566092,1.00065045640766,1.0024805716386314,1.002049731058306,1.0021933331111688,1.0019896973078932,1.0043841370230495,1.0013395993399947,0.9992177565475158,1.0039144171122156,1.001450174001063,1.0022967636810836,1.003940399958896,1.000386236551697,1.0009431920377994,1.0006096189485263,1.001728997468553,1.0033795361829227,1.003572077217834,1.0033372326186594,1.0012755349749085,1.0002048850609304,1.0032426589916223,1.002623697957224,1.0038354058332473,1.0041693299646537,1.0034768626897046,1.004271940781107,1.0036031844255635,1.0039753698705367,1.0024006274625905,1.0030381651333862,1.0034793352641866,1.004224075586567,1.002640500545626,1.003735811231512,1.0026748850772549,1.0027863754401825,1.003898157684646,1.0002445999265388,1.0010252633482029,1.0006852494444638,0.999498193769468,1.0014684582857778
4,0,eclipsing_binary,0.0968721435534372,4.96686564207894,0.9998657616056068,0.9996157068400888,1.0013506642963268,1.0064070857527692,1.0076817895908,1.0016942325073688,1.008092771928735,1.0029398357056356,1.0078508927602847,1.0027412376695295,1.0034374579403835,1.004151344279302,1.012096045484337,1.005594312281669,1.00124089450463,1.0059595324284576,1.0022232487447118,1.0018535120731853,1.0057583263630858,1.0032615701680618,1.0039128272366322,1.0031153949924918,1.003956151610783,1.0041288636676338,0.9974110995971932,1.0046262911144614,0.9998922271692122,0.998485745745342,1.0022488464773964,1.0025175750938002,1.00019546477564,1.0043299306561244,0.9980744429885606,1.0005409297426051,0.9998759131582048,1.001216762128402,1.0019553349679404,0.9981628699914522,1.0028439837939591,1.0008016077825392,0.9951245265166688,0.9947481937730412,1.0000231710067773,0.999247048363287,0.9993873212655976,0.9994104639142076,0.9999354764877,1.001778551386552,0.995816206277128,0.995467491274822,0.99551480617158,0.9992274190740804,1.0017487180993363,0.9968846332297516,0.9909205757175428,0.9930169823670068,0.9953266476614026,0.9959718119038145,0.9962717543951994,0.9974163247034578,0.9963314081135284,1.0000616789321035,0.995135328848756,0.994540793771361,0.998245854116008,0.9925389404663858,0.9979057758422972,0.9970710998285048,0.9963518095158864,1.0012194490688806,0.9950175353086108,1.002566028022542,0.9961750801394172,0.9932605490063828,0.9970918094311844,0.993933279216906,0.9949147641974642,0.9982210934239956,0.9987568572250822,0.9955500303666728,1.0001791753727958,1.0007753059723263,1.0016851687727997,0.9992737935408872,1.0017584115980462,0.9927986794041576,0.9973437005647356,0.9959644453422668,0.9989018340885458,0.9971355000806796,0.9984509250181062,1.004383654390492,0.998806271923771,1.0006314434637074,0.999005866408106,1.000060373547397,1.0000549024138377,1.0014869801051325,1.003689547127745,1.0052310967697995,0.9949483742472665,0.956910101963902,0.9131954694119032,0.9310727208088272,0.9731382525690758,1.0040982874678843,1.0024211043381082,1.004469785588465,1.0035059793840544,1.0056380861855052,1.0032121348705394,1.0015245143856528,1.0035812876038253,0.9945151821086868,1.0039156677677348,0.9926826140974452,0.9981642947977848,1.0043384000273574,1.0044663210010116,0.999906217027242,1.001204591391651,1.0070753760229263,1.0018795482277725,1.009537222469767,1.003223206613984,1.004352585640209,1.007714127170019,1.0034981928572009,1.0002612008009382,1.0027024697865443,1.002835055646988,0.9990172781449366,1.0020355644360188,1.0005649243651358,1.0051304075716636,1.0025092096398789,1.0014867912023215,1.0018436949917606,1.002621960203654,1.0035741445674575,0.9988753913540018,0.9985923733555616,1.0044483115236755,1.0000133048930206,0.9970133637909576,1.0020552196835162,1.0019245823725484,0.996137595963875,1.0008909306152898,1.0021219817830371,1.0009175116424245,1.0014510365697242,0.9955446809719248,1.000230429820529,0.998266650079087,0.9975792910345104,1.0012016354067583,1.0027373921642064,1.0034535532115492,1.00194382210996,0.9977866647797728,0.998934660991774,0.9999539758945254,0.9980051581692652,0.9979042451225544,0.999730781659168,0.9971408276966334,0.9951583382479232,0.9959507978033962,0.998813029280402,0.996970103555221,0.9978561206962582,0.9987321914783972,0.9957587832850824,0.9989064892709332,0.9978295124430172,0.993292361821836,1.0008146457110907,0.9953749003279094,0.9921608774783,0.993912205670704,0.9940287997623992,0.9971022493771784,0.9962571968087724,0.9961610058716532,0.9989375343553312,0.9982520906789708,0.9982947952451688,0.9986766755178492,0.9993830515249328,0.9918691287681932,0.996907622513869,0.9919589621114018,0.998338676146508,0.9983870356722916,1.0015039826595429,1.0020760732646952,0.9994880559602396,0.9976948304192484,1.000646370722298
5,0,eclipsing_binary,0.1362618374654762,4.440909777732983,1.0048530905251538,1.0035262219563714,1.0016331588332708,1.0013362540518331,1.0019067400183015,1.0040557284578109,1.0008117378849748,1.0036020260253833,0.9999679748474012,1.0020043887135164,1.002523124461724,1.0072605859771508,0.9991289050041048,1.004930890435492,1.0020142081492205,1.002401951399493,1.001628692223959,1.0021460335298351,1.000728777104087,1.0039181154003596,0.9997555793693368,1.002901740442008,0.9990162936806494,1.0000618328388229,0.9977731329048056,1.0007879896589509,1.0026815937731577,0.9993268923734332,0.998904196096631,0.9968154528481432,0.9984953102585457,0.9954793609674476,0.996734878324356,0.9989537771686025,1.001076848416597,1.0040349329125604,0.9967896519981332,1.0008667051640414,0.9982351757148022,0.9972726073454348,0.9983601270572816,0.9974590384614492,0.9974393591716412,0.996240736934628,0.9940643078769194,0.993658112928918,0.9981520995992926,0.9961207838002558,0.9953720865067482,0.9965609628168208,0.9981371466686956,0.996794102849568,0.9949953054420796,0.998884099484269,0.9995856316295436,0.9972920376511764,0.9982732938003034,0.9988222438400752,0.9985851307835076,0.9975118606737088,0.9974917763517752,0.9973483077546028,0.9939992035761552,0.9977924726798142,0.9935410182326856,0.9947661085402252,0.999209730979364,0.9983096770983082,0.9997370319420408,0.9961447523318095,0.9943948191113966,0.9963962394741522,0.9972149244948004,0.9972764768384274,0.999595739726996,0.9965945218831758,0.99821227137551,0.9955445184795204,0.9986887777998932,0.9978975292181608,0.9964721569603412,0.99769769671361,0.9979612798219836,0.9979408953330824,1.002368231862797,0.9986273867396656,0.9984913613219418,0.9947890909005376,0.9974745535202232,0.9989662389716036,0.9982572402227212,1.0027514691410937,0.9996955633846164,1.0029069188566688,1.0005187773659132,1.000641439873933,1.0005507462474517,1.0009151794766675,0.956738086199029,0.8871015614006158,0.8953641742968667,0.9599385140696536,1.0017560893935766,1.003321364056544,1.0030178769030738,1.001372338151746,1.0044447760658954,1.004603916907846,1.0029668187298133,1.0047183942453528,1.0033960680426817,1.0017665840340266,1.0045041450350956,1.0033776223798798,1.0032427680149911,1.0064035638108346,0.9982856023874296,1.000515989683493,1.0010622341507152,1.0028400961494777,1.0031161765196153,1.0005403687655057,1.001664524494826,1.0019495154416909,1.008898906490866,1.0075382291749289,1.002915011511343,1.003008487095294,1.0013519884661566,0.999743176849914,1.0034539014174026,1.0015741333472152,1.003434271593996,1.0002135616585923,1.00190206476395,1.0037342335905186,1.0041112470483975,1.0041335970885228,1.000411064355036,1.0048566263020258,1.0012941845312424,1.0041764190848823,1.0027143603276063,0.9997375547316596,1.0018231439057317,1.0031123942486249,1.0034900027786835,1.001770509054594,1.0051162223126455,1.0038679913146349,1.001070248074509,1.003013261322342,1.005322713195001,1.0052123586801296,0.9983827867518844,0.9988420193109302,1.0037075407659182,0.9982210116537984,0.9974944784768868,0.999066665859256,1.000785066919578,0.9995182560533696,0.9981986589938332,0.9979757831517287,0.9977239917236782,0.997204302930498,1.0036398498181531,0.9993288673235377,1.0003966866000602,0.9973623886125712,0.9978390740588894,0.9965841251524328,0.9923865310593544,0.994903274648729,0.9938601500046076,0.9928084052519532,0.9948822788874732,1.000024180397336,0.9970460159889027,0.9997237480088962,0.9977814053534548,0.9984594770170632,0.9948512244749776,0.99774355281176,0.9980942211090912,0.9952974734492394,0.9976088894597358,0.997568251452449,0.9951906191026176,0.9939542560903664,0.9937951762892,0.9964267935996896,0.996914452960793,0.994568971261494,0.9962816391026088,0.997427597562778,0.9975448461769596,0.9995211758510234,0.998980657935559,0.9942628384079762
0,0,quiet_star,0.0,0.0,0.9968240227371836,0.9981684818948404,0.9977177911534372,0.9979851904422004,0.9971664917197768,0.9988182989021764,0.9987135664598392,0.998027370995892,0.9990477623021716,0.9984202249661794,0.9971565709257998,0.9983501437361512,0.997094292841942,0.9988813758130214,0.9980172930451642,0.9979191304020614,0.9974783159099632,0.9993452959631676,0.9980665331329098,0.997850841221763,0.9979748942069032,0.998878555371086,0.998776345357072,0.9988831116379578,0.9989650786188812,1.0006753437446585,0.9982995958823878,0.9982714432097066,0.9980580412198872,0.999509327813312,1.000082746424395,0.9989724516930262,0.9983602151230716,0.998462044411154,0.9999666406879472,1.0001453876389,1.000044269138535,0.9989758472693948,0.999930544505514,0.9999131434196332,1.0001049688861716,1.0008257826715945,1.0002979372468546,1.00082905092228,1.0003356909461116,1.0006413962179177,1.0010621390938033,0.9991482717072722,1.0003304528738526,1.0002744817134392,1.0001998644343688,1.00063451322838,1.0024174770181793,1.0002322994589847,1.0020723598348042,0.999603674057868,1.0009719540780777,1.0015210489688369,1.0019960157133032,1.0021813609498766,1.0023223290835783,1.0012846103772084,1.0012308407494857,1.0025502315040609,1.0015908661802,1.000594004801252,1.000771088383354,1.0010127818704198,1.002405210857045,1.0020928432498513,1.0026430670743836,1.0015897216968073,1.0021676615788857,1.002627287493835,1.001736529069483,1.0024746110281628,1.0013987176289814,1.0016794883230329,1.0016510359800546,1.0008545874846917,1.0024511470085922,1.0015095773571798,1.0019447021944876,1.0023625944759569,1.0022940011913544,1.0024643913973024,1.0016873624514673,1.0013280629661576,1.001606779434788,1.0000085497021929,1.0001809495573502,1.0002388028509173,1.0004864485251377,1.0017598207613478,1.000435792867281,1.0008684269601813,1.0024026156399717,1.0007344278672303,1.0017035180577354,1.0000158826767422,1.0006298808333558,0.9998281067186656,1.0003262377824975,1.0013686509480435,0.9988123913110156,1.0007958026139598,1.0005140698738753,0.9996218718378206,0.9987100390630116,1.0000735278558237,0.9994017751659654,1.000039592538533,0.999743630942703,1.0011675649713712,0.9993077248595768,0.9984636939417866,0.9995284870167336,0.9994789685451464,1.0004856584934894,0.9998971951391914,0.9993546735738834,1.0003357106843875,0.9977104949293276,0.9981610937402984,0.9978118241527916,0.9982560620109024,0.9972403774524338,0.9991068369488416,0.9982217769775298,0.9969644621458724,0.997346450216153,0.9985710274427336,0.999026921503739,1.0000953135220716,1.000935762928454,0.998499925823742,0.99711994384583,0.9959950974380214,0.9982753727380484,0.9972183386060228,0.9975848408233844,0.9973850442113468,0.9978309742854912,0.9989873749039884,0.9981168401840106,0.9978202334996132,0.996989023390866,0.9963906200764028,0.9975509904376788,0.9979899070410874,0.9997667723306174,0.9982264219284428,0.9990809000094169,0.9976980042162014,0.9970836183100312,0.9973423841726782,0.9976241148981074,1.0004189555374683,0.9976452711640882,0.9993007467091212,0.997693853332651,0.9995232805536785,0.9990695208523632,0.998623373663256,0.9988110811238444,0.9983004687470302,0.9994386100859054,0.9986568256465296,0.998002208684854,0.9980389793329162,0.9995202152973152,1.000960565871737,0.9996892387691428,0.999513871363292,0.9999951398992772,1.0010681508484565,1.0001188221314454,0.9996077931797492,1.0011586018576584,1.00060202324418,1.0017583691919103,1.0005527181741514,0.9992932811595828,0.999246422487762,1.0022349534944757,1.002393300330327,1.0006529817634668,1.0005426068857324,1.0023968605485,1.0000119445539075,1.0002945886218395,1.0018476060243802,1.0009247854962724,1.001369640613919,1.0012856085848352,1.0018315236243682,1.0029204071244056,1.001714360874993,1.0023004651439025,0.9997650762822488
2,0,quiet_star,0.0,0.0,0.9962962400538248,0.9994062680585584,0.9965539452202224,0.9944489373866556,0.994961280033291,0.9929708537108884,0.9942786464793036,0.9954570168920024,0.9980493046590142,1.0001069888298135,0.9932306889964144,0.9972147469359736,0.99407047458732,0.997494402951524,0.996208657897542,0.99249769447156,0.9987144857862502,0.99539049705047,0.9956435587739464,0.9945541428201916,0.995588482723618,0.9981131611455744,0.996864538819829,0.9981475115882952,0.998358657681282,1.0006345624249222,0.9970828547821594,0.994714034693744,1.0005323872151728,0.9975842319358336,1.0009685971111124,0.9995131080910558,0.9985429518453076,0.9997878091378152,1.0035317589285158,1.0039936227544213,0.9997107530767454,1.0000970151096569,1.002319711076531,0.9982293788350046,1.001036339816908,1.0004219432749084,1.001360691303074,0.9989897865951552,0.9974868038218128,0.996588149445054,0.9988877540411332,1.0005235560955903,1.0010583804180375,1.0061826264384237,1.0044914366993012,1.0000438454616083,1.0031052543868586,1.001568166854969,1.0019771051237585,1.0031515473033294,1.0042395708069012,1.0022234049640757,1.0054533769436689,1.0006475830175023,1.0032953583601856,1.0091453074181411,1.0039400072240503,1.0067007745238312,1.003776261441104,1.004916106959718,1.0035404333282385,1.0033213464461077,1.001991071616889,1.0046978826867297,1.0018527908865846,1.0052250341470628,1.0061468594968286,1.0045270069072243,1.0030448681875894,1.0046525583115151,1.0029081675722291,1.0056193994437963,0.999398879951766,1.002652664262328,0.9988885415220964,0.9999012717551056,1.0061631635306083,1.0050149553374357,1.001310046200567,0.9994480807880226,0.9960688237992706,1.0013211919125011,1.0077750549650324,1.0032127264052784,1.0008496317211495,1.0029730706703044,0.9983053168315058,1.000951324051689,1.001665067586546,1.0010797490145136,1.002854897870731,1.0016841224075048,1.0022236731877323,0.9990233117096872,1.0023682426367269,1.0038101172828238,0.9978432684503878,0.9978416805742092,1.0026033951906477,0.9990225306069522,1.002388761499641,0.998100887805618,1.0021438844759962,0.9990239048951076,0.9991333142583168,1.0018706623424651,0.9974199642357746,0.9959703914883944,0.9969100746590616,0.9987632405435838,0.9941283876425674,0.9988899735755764,0.9961398655625412,0.9997647962564716,0.9917650340912112,0.995228366206826,0.9931207530964627,0.9949363189838178,0.997235045979394,0.9962032583952394,0.9959644559120512,0.9961086131909784,0.9968584281415264,0.9941144351868322,0.9978913206350624,0.9977629057422284,0.9971242303203972,0.9974937633658708,0.9969122817570272,1.0007863377948296,0.9960808614129368,0.9956159936608888,0.9946563877127012,0.994078807048344,0.9936580590830568,0.9945093219287874,0.9963978883394842,0.9973757965165,0.9968311314337002,0.9951076127732084,0.9989141305535204,0.998665029026422,0.9967808224507828,0.9958063152046503,0.9986082706447575,0.9979422720974808,0.9944445520624332,0.997662368321748,0.9985494313983734,0.9961229648046308,0.998709169747191,0.9952171347715106,1.0015963240945986,1.001573798903448,0.9984126042712852,0.9999620702835884,0.9939737713322394,0.9969453137454392,0.999048214721716,0.9975015013884658,1.0016608186256106,1.0046996040834657,0.9978232914177732,0.9987609445821384,1.00132937476061,1.0045693408525238,0.9984433518432216,1.0018910649333124,1.0055598694510002,0.9980013443784244,0.9989894043506592,1.0010558364164237,1.0009941698684757,1.0041087652770415,1.0029818818173268,0.9986330249858344,1.0038590661525018,1.001552067558316,1.005789353972485,1.0016683661948274,1.0017510236917044,1.0044660151005669,1.0050464709949087,1.0044250065223363,0.9997489844355986,1.004757595092185,1.0013131243070776,1.0041818931844444,1.0005268854229112,1.0047135116313353,1.0019437919384608,1.0008931876461238,1.0053336647094762,1.0042733735355518
8,0,quiet_star,0.0,0.0,1.0063648549573043,1.005124216107046,1.0014643184857577,1.0030920567693686,1.0025620854985338,1.0029736477488769,1.0010046415382383,1.0020285864920575,0.9990560335265436,1.002190705772184,1.0026484819964645,1.0012324963847787,0.9984748374775904,1.0032378154894837,1.0019143886597013,0.9997093566879588,1.0003976373551573,0.9979448543386789,0.998686344994058,0.9994499857752752,1.0026229939490647,0.9989451390014018,1.0012002551438888,0.9988216366330442,1.000146908133965,0.9992567584848576,1.0010135889354992,0.998205527141528,0.99609660174609,0.9963046730359336,0.997757828058164,0.9962589617986272,0.999242149417631,0.9974491809003572,1.0026644648056573,0.9947773020711088,0.9983046735379106,0.9956663554958955,0.9967381237434434,0.9978145777401533,0.9930489494417628,0.9977674650274652,1.0008016200239789,0.9962585712886916,0.9975068147931376,0.998858172991708,0.9965318088466506,0.9956660623565566,0.9923975495542148,0.997827564651286,0.9963440903603678,0.994592791166891,0.996690850455194,0.9953088878721,0.995376371077242,0.9974851208981894,0.9937958347752948,0.9982758087214184,0.9936566383621928,0.995038324310526,0.9999151252850212,0.9984250054572016,0.9965001301219792,0.9945660533393608,0.9953706121047484,0.9965422559124086,0.996517161025047,0.9963238053792316,0.9964919218901684,0.9962070751086352,0.9939602666408098,0.9957779072997937,0.9985545408057882,0.9943358623656188,0.9966480171467114,0.9955556522243728,0.9974115068757508,0.9965748037557784,1.0002028080993504,0.9984880574750188,0.9951800637511864,0.9990418721524932,0.9964442357926142,0.996948385845434,0.9987626477954212,0.9973825410865484,1.000133889786347,0.9971351135331694,0.997575040347296,0.9976534436138176,0.9979754070942536,1.0012662315165308,1.0005336421569309,1.0027268478993852,1.0039342551626715,0.9978736731196308,1.0001063845725624,0.9979136707990662,0.9988219179058866,0.9992563857262906,0.9986069562142288,0.9987714043424996,1.000635385037939,0.9987654097204904,1.0027959361408234,0.999626074896746,1.0067970519075446,1.0007925784807696,1.0019185947681826,0.999477369750283,1.0052677912098726,1.0042911822714895,1.0028658217766329,0.9998885083968668,1.0029410208548304,1.0005421980356055,1.0055199793639462,1.004391228590875,1.0031431216608462,0.998462699933286,1.001288023678617,1.0045190531629495,1.0055840179872275,1.0054577293569549,1.000429230297774,1.0040555931964874,1.0054521803816228,1.0004564666469282,1.0036055184857084,1.0041681405456793,1.0031100085947782,1.0002040576592923,1.0030931915401342,1.0030952990892454,1.003431635001535,1.0026404520099768,1.0028527164696517,1.0035915329052114,1.004472419615499,1.0030300664817144,1.0027907702271828,1.003689696704239,0.9998410842173228,1.004301331721927,1.0033351298893225,1.0033390959206272,1.0049974731889584,0.9994220137115666,0.9992933579871336,1.0034356728049043,1.0028064738645657,1.003035947092646,1.0017344792336087,1.0037436165660585,1.004130608106515,1.003161927304976,1.0016309705835842,0.9980188676977289,1.0033074389418055,1.0040226737221631,1.0027939332057925,0.9997772295807648,1.0025592395048175,1.002762734313316,1.0039284490123594,0.999186346087837,1.0002571164814096,1.001937529164017,1.0004811627003525,0.9981101469428474,1.000840784332249,1.000992854125285,0.999910919833999,1.0000025045092575,0.9989451528293446,1.002064567925618,0.9974267818895566,0.9978655765058718,0.998843308540484,1.0003314583158631,0.9957065503561702,0.9959162428420684,0.9944049975986436,0.9981707970035928,0.9958676632279372,0.9971208857837588,0.998966407680704,0.9963884817730088,0.99791609758725,0.996802763599459,0.9985255237478006,0.9980507130679066,0.9957524272260172,0.9966456796745412,0.998843337779424,0.9975353254344166,0.9940842330904748,0.9978828484611812,0.994538103213273,0.9991868063733744
